{"cameraMode":{"drawMode":0,"name":"Shaded","section":"Shading Mode"},"sceneLighting":true,"audioPlay":false,"sceneViewState":{"m_AlwaysRefresh":false,"showFog":true,"showSkybox":true,"showFlares":true,"showImageEffects":true,"showParticleSystems":true,"showVisualEffectGraphs":true,"m_FxEnabled":true},"in2DMode":false,"pivot":{"x":-13.479475021362305,"y":1.4770007133483887,"z":6.520389556884766},"rotation":{"x":0.19594843685626985,"y":0.27804163098335268,"z":-0.05804302543401718,"w":0.9385950565338135},"size":18.136600494384767,"orthographic":false}