{"cameraMode":{"drawMode":0,"name":"Shaded","section":"Shading Mode"},"sceneLighting":true,"audioPlay":false,"sceneViewState":{"m_AlwaysRefresh":false,"showFog":true,"showSkybox":true,"showFlares":true,"showImageEffects":true,"showParticleSystems":true,"showVisualEffectGraphs":true,"m_FxEnabled":true},"in2DMode":false,"pivot":{"x":-53.133182525634769,"y":-14.792957305908204,"z":-36.858707427978519},"rotation":{"x":0.09863276034593582,"y":0.8723623752593994,"z":-0.4363594353199005,"w":0.19718560576438905},"size":33.37261199951172,"orthographic":false}