{"cameraMode":{"drawMode":0,"name":"Shaded","section":"Shading Mode"},"sceneLighting":true,"audioPlay":false,"sceneViewState":{"m_AlwaysRefresh":false,"showFog":true,"showSkybox":true,"showFlares":true,"showImageEffects":true,"showParticleSystems":true,"showVisualEffectGraphs":true,"m_FxEnabled":true},"in2DMode":false,"pivot":{"x":-13.132453918457032,"y":-0.648017406463623,"z":2.0273773670196535},"rotation":{"x":0.12913532555103303,"y":-0.6885599493980408,"z":0.12656046450138093,"w":0.7023065686225891},"size":15.741033554077149,"orthographic":false}